PROV_NAME,References,PROV_CODE
Banteay Meanchey,http://www.opendevelopmentcambodia.net/references/Economic_Census_of_Cambodia_2011_BanteayMeanchey__01.03.2012.pdf,01
Battambang,http://www.opendevelopmentcambodia.net/references/Economic_Census_of_Cambodia_2011_Battambang__01.03.2012.pdf,02
Kampong Cham,http://www.opendevelopmentcambodia.net/references/Economic_Census_of_Cambodia_2011_KampongCham__01.03.2012.pdf,03
Kampong Chhnang,http://www.opendevelopmentcambodia.net/references/Economic_Census_of_Cambodia_2011_KampongChhnang__01.03.2012.pdf,04
Kampong Speu,http://www.opendevelopmentcambodia.net/references/Economic_Census_of_Cambodia_2011_KampongSpeu__01.03.2012.pdf,05
Kampong Thom,http://www.opendevelopmentcambodia.net/references/Economic_Census_of_Cambodia_2011_KampongThom__01.03.2012.pdf,06
Kampot,http://www.opendevelopmentcambodia.net/references/Economic_Census_of_Cambodia_2011_Kampot__01.03.2012.pdf,07
Kandal,http://www.opendevelopmentcambodia.net/references/Economic_Census_of_Cambodia_2011_Kandal__01.03.2012.pdf,08
Koh Kong,http://www.opendevelopmentcambodia.net/references/Economic_Census_of_Cambodia_2011_KohKong__01.03.2012.pdf,09
Kratie,http://www.opendevelopmentcambodia.net/references/Economic_Census_of_Cambodia_2011_Kratie__01.03.2012.pdf,10
Mondul Kiri,http://www.opendevelopmentcambodia.net/references/Economic_Census_of_Cambodia_2011_Mondulkiri__01.03.2012.pdf,11
Preah Vihear,http://www.opendevelopmentcambodia.net/references/Economic_Census_of_Cambodia_2011_PreahVihear__01.03.2012.pdf,13
Prey Veng,http://www.opendevelopmentcambodia.net/references/Economic_Census_of_Cambodia_2011_PreyVeng__01.03.2012.pdf,14
Pursat,http://www.opendevelopmentcambodia.net/references/Economic_Census_of_Cambodia_2011_Pursat__01.03.2012.pdf,15
Ratanak Kiri,http://www.opendevelopmentcambodia.net/references/Economic_Census_of_Cambodia_2011_RatanakKiri__01.03.2012.pdf,16
Siem Reap,http://www.opendevelopmentcambodia.net/references/Economic_Census_of_Cambodia_2011_SiemReap__01.03.2012.pdf,17
Preah Sihanouk,http://www.opendevelopmentcambodia.net/references/Economic_Census_of_Cambodia_2011_PreahSihanouk__01.03.2012.pdf,18
Stung Treng,http://www.opendevelopmentcambodia.net/references/Economic_Census_of_Cambodia_2011_StungTreng__01.03.2012.pdf,19
Svay Rieng,http://www.opendevelopmentcambodia.net/references/Economic_Census_of_Cambodia_2011_SvayRieng__01.03.2012.pdf,20
Takeo,http://www.opendevelopmentcambodia.net/references/Economic_Census_of_Cambodia_2011_Takeo__01.03.2012.pdf,21
Otdar Meanchey,http://www.opendevelopmentcambodia.net/references/Economic_Census_of_Cambodia_2011_OtdarMeanchey__01.03.2012.pdf,22
Kep,http://www.opendevelopmentcambodia.net/references/Economic_Census_of_Cambodia_2011_Kep__01.03.2012.pdf,23
Pailin,http://www.opendevelopmentcambodia.net/references/Economic_Census_of_Cambodia_2011_Pailin__01.03.2012.pdf,24
Phnom Penh,http://www.opendevelopmentcambodia.net/references/Economic_Census_of_Cambodia_2011_PhnomPenh__01.03.2012.pdf,12
